{"text": " 6. A Nights Unguarded \u5f53\u665a\u516d\u70b9\u4e0b\u73ed,\u6362\u6389\u8981\u7a7f\u7684\u8863\u88f3\u3002 \u5176\u6b21\u5728\u6fb3\u6d32,\u6211\u53bb\u559d\u51e0\u74f6\u5564\u9152\u3002 \u5982\u6b64\u751f\u6d3b\u4e09\u5341\u5e74,\u76f4\u5230\u5927\u53a6\u5d29\u584c\u3002 \u8fdc\u85cf\u8eab\u5904\u7684\u9ed1\u6697\u554a,\u6df9\u6ca1\u5fc3\u5e95\u7684\u7275\u6302\u3002 \u5728\u82ad\u8549\u67dc\u53f0,\u75af\u72c2\u7684\u4eba\u6c11\u5546\u573a\u3002 \u7528\u4e00\u5f20\u5047\u949e,\u4e70\u4e00\u628a\u5047\u67aa\u3002 \u5305\u56f4\u4ed6\u7684\u751f\u6d3b,\u76f4\u5230\u5927\u53a6\u5d29\u584c\u3002 \u591c\u5e55\u8986\u76d6\u82b1\u5317\u5e73\u539f,\u5fe7\u4f24\u5c3d\u5934\u4ed6\u7684\u8138\u3002 \u6cb3\u5317\u5e02\u5927\u6251\u4e2d,\u9752\u5510\u5c11\u5e74\u88ab\u5411\u5f80\u3002 \u6c89\u9ed8\u7684\u5bbf\u820d,\u65e0\u6cd5\u79bb\u5f00\u7684\u6559\u5ba4\u3002 \u751f\u6d3b\u5728\u7ecf\u9a8c\u91cc,\u76f4\u5230\u5927\u53a6\u5d29\u584c\u3002 \u9057\u5fd8\u8bb0\u591a\u60f3\u7740\u5417,\u5728\u4ed6\u8111\u6d77\u4e2d\u7684\u4ed6\u5440\u3002 \u5982\u6b64\u751f\u6d3b\u4e09\u5341\u5e74,\u76f4\u5230\u5927\u53a6\u5d29\u584c\u3002 \u5982\u6b64\u751f\u6d3b\u4e09\u5341\u5e74,\u76f4\u5230\u5927\u53a6\u5d29\u584c\u3002 \u9057\u5fd8\u8bb0\u591a\u60f3\u7740\u5417,\u5728\u4ed6\u8111\u6d77\u4e2d\u7684\u4ed6\u5440\u3002 \u5982\u6b64\u751f\u6d3b\u4e09\u5341\u5e74,\u76f4\u5230\u5927\u53a6\u5d29\u584c\u3002 \u613f\u751f\u751f\u4e0d\u66fe\u9047\u9047\u9065\u8fdc,\u60ac\u6d6e\u8fdb\u4f60\u7684\u5fc3\u74e3\u3002 \u613f\u751f\u751f\u4e0d\u66fe\u9047\u9065\u8fdc,\u60ac\u6d6e\u8fdb\u4f60\u7684\u5fc3\u74e3\u3002 \u613f\u751f\u751f\u4e0d\u66fe\u9047\u9065\u8fdc,\u60ac\u6d6e\u8fdb\u4f60\u7684\u5fc3\u74e3\u3002 \u613f\u751f\u751f\u4e0d\u66fe\u9047\u9065\u8fdc,\u60ac\u6d6e\u8fdb\u4f60\u7684\u5fc3\u74e3\u3002 \u613f\u751f\u751f\u4e0d\u66fe\u9047\u9065\u8fdc,\u60ac\u6d6e\u8fdb\u4f60\u7684\u5fc3\u74e3\u3002 \u613f\u751f\u751f\u4e0d\u66fe\u9047\u9065\u8fdc,\u60ac\u6d6e\u8fdb\u4f60\u7684\u5fc3\u74e3\u3002", "segments": [{"id": 0, "seek": 0, "start": 0.0, "end": 2.38, "text": " 6. A Nights Unguarded", "tokens": [50383, 1386, 13, 316, 426, 5761, 43559, 16981, 292, 50483], "temperature": 1.0, "avg_logprob": -3.6330868114124644, "compression_ratio": 0.7241379310344828, "no_speech_prob": 0.5080795288085938}, {"id": 1, "seek": 3000, "start": 30.0, "end": 45.0, "text": " \u5f53\u665a\u516d\u70b9\u4e0b\u73ed,\u6362\u6389\u8981\u7a7f\u7684\u8863\u88f3\u3002", "tokens": [220, 16233, 27080, 30566, 12579, 4438, 44695, 11, 26075, 95, 29327, 4275, 13740, 123, 1546, 9890, 96, 8083, 111, 1543], "temperature": 0.0, "avg_logprob": -0.6015077034632365, "compression_ratio": 0.7962962962962963, "no_speech_prob": 0.1671331226825714}, {"id": 2, "seek": 4500, "start": 45.0, "end": 65.0, "text": " \u5176\u6b21\u5728\u6fb3\u6d32,\u6211\u53bb\u559d\u51e0\u74f6\u5564\u9152\u3002", "tokens": [220, 9572, 9487, 3581, 25621, 111, 48706, 11, 1654, 6734, 26784, 6336, 254, 163, 241, 114, 3284, 97, 37486, 1543], "temperature": 0.0, "avg_logprob": -0.09901050726572673, "compression_ratio": 0.7843137254901961, "no_speech_prob": 0.0007697272812947631}, {"id": 3, "seek": 6500, "start": 65.0, "end": 75.0, "text": " \u5982\u6b64\u751f\u6d3b\u4e09\u5341\u5e74,\u76f4\u5230\u5927\u53a6\u5d29\u584c\u3002", "tokens": [220, 48487, 49958, 10960, 20145, 5157, 11, 16186, 4511, 3582, 5014, 99, 49378, 102, 161, 5475, 1543], "temperature": 0.0, "avg_logprob": -0.17710575850113577, "compression_ratio": 0.9117647058823529, "no_speech_prob": 0.0014855777844786644}, {"id": 4, "seek": 7500, "start": 75.0, "end": 104.0, "text": " \u8fdc\u85cf\u8eab\u5904\u7684\u9ed1\u6697\u554a,\u6df9\u6ca1\u5fc3\u5e95\u7684\u7275\u6302\u3002", "tokens": [220, 3316, 250, 21782, 237, 19847, 1787, 226, 1546, 32141, 23826, 245, 4905, 11, 14176, 117, 10062, 7945, 22816, 1546, 6935, 113, 8501, 224, 1543], "temperature": 0.0, "avg_logprob": -0.17301924475308122, "compression_ratio": 0.8166666666666667, "no_speech_prob": 0.011113576591014862}, {"id": 5, "seek": 10400, "start": 104.0, "end": 118.0, "text": " \u5728\u82ad\u8549\u67dc\u53f0,\u75af\u72c2\u7684\u4eba\u6c11\u5546\u573a\u3002", "tokens": [37286, 13778, 255, 164, 243, 231, 17238, 250, 15433, 11, 18140, 107, 18637, 224, 29979, 16113, 45581, 50255, 1543], "temperature": 0.0, "avg_logprob": -0.12587506596635029, "compression_ratio": 0.872093023255814, "no_speech_prob": 0.00434852996841073}, {"id": 6, "seek": 10400, "start": 118.0, "end": 127.0, "text": " \u7528\u4e00\u5f20\u5047\u949e,\u4e70\u4e00\u628a\u5047\u67aa\u3002", "tokens": [220, 9254, 2257, 44059, 31706, 25153, 252, 11, 2930, 108, 2257, 16075, 31706, 7360, 103, 1543], "temperature": 0.0, "avg_logprob": -0.12587506596635029, "compression_ratio": 0.872093023255814, "no_speech_prob": 0.00434852996841073}, {"id": 7, "seek": 12700, "start": 127.0, "end": 137.0, "text": " \u5305\u56f4\u4ed6\u7684\u751f\u6d3b,\u76f4\u5230\u5927\u53a6\u5d29\u584c\u3002", "tokens": [220, 23305, 3919, 112, 31309, 49958, 11, 16186, 4511, 3582, 5014, 99, 49378, 102, 161, 5475, 1543], "temperature": 0.0, "avg_logprob": -0.1649572902255588, "compression_ratio": 0.9278350515463918, "no_speech_prob": 0.0004735683323815465}, {"id": 8, "seek": 13700, "start": 137.0, "end": 166.0, "text": " \u591c\u5e55\u8986\u76d6\u82b1\u5317\u5e73\u539f,\u5fe7\u4f24\u5c3d\u5934\u4ed6\u7684\u8138\u3002", "tokens": [220, 30124, 40211, 2888, 228, 5419, 244, 20127, 26668, 16716, 19683, 11, 4263, 100, 7384, 97, 1530, 121, 39862, 31309, 164, 20600, 1543], "temperature": 0.0, "avg_logprob": -0.2280046851546676, "compression_ratio": 0.8166666666666667, "no_speech_prob": 0.006474804133176804}, {"id": 9, "seek": 16600, "start": 166.0, "end": 180.0, "text": " \u6cb3\u5317\u5e02\u5927\u6251\u4e2d,\u9752\u5510\u5c11\u5e74\u88ab\u5411\u5f80\u3002", "tokens": [220, 3308, 111, 26668, 27261, 3582, 3416, 239, 5975, 11, 37462, 17198, 238, 15686, 5157, 23238, 24282, 29510, 1543], "temperature": 0.0, "avg_logprob": -0.20099969532178796, "compression_ratio": 0.8842105263157894, "no_speech_prob": 0.0016656885854899883}, {"id": 10, "seek": 16600, "start": 180.0, "end": 189.0, "text": " \u6c89\u9ed8\u7684\u5bbf\u820d,\u65e0\u6cd5\u79bb\u5f00\u7684\u6559\u5ba4\u3002", "tokens": [220, 3308, 231, 6173, 246, 1546, 2415, 123, 10256, 235, 11, 31364, 11148, 18614, 119, 18937, 1546, 21936, 2415, 97, 1543], "temperature": 0.0, "avg_logprob": -0.20099969532178796, "compression_ratio": 0.8842105263157894, "no_speech_prob": 0.0016656885854899883}, {"id": 11, "seek": 18900, "start": 189.0, "end": 199.0, "text": " \u751f\u6d3b\u5728\u7ecf\u9a8c\u91cc,\u76f4\u5230\u5927\u53a6\u5d29\u584c\u3002", "tokens": [220, 49958, 3581, 30276, 49657, 234, 15759, 11, 16186, 4511, 3582, 5014, 99, 49378, 102, 161, 5475, 1543], "temperature": 0.0, "avg_logprob": -0.29510849998110816, "compression_ratio": 0.8877551020408163, "no_speech_prob": 0.0002051238843705505}, {"id": 12, "seek": 19900, "start": 199.0, "end": 219.0, "text": " \u9057\u5fd8\u8bb0\u591a\u60f3\u7740\u5417,\u5728\u4ed6\u8111\u6d77\u4e2d\u7684\u4ed6\u5440\u3002", "tokens": [50364, 220, 3330, 245, 26677, 34756, 6392, 7093, 20708, 14769, 11, 3581, 5000, 27067, 239, 20078, 5975, 1546, 5000, 15348, 1543, 51364], "temperature": 0.0, "avg_logprob": -0.46087945025900134, "compression_ratio": 0.8166666666666667, "no_speech_prob": 0.0025208003353327513}, {"id": 13, "seek": 22900, "start": 229.0, "end": 249.0, "text": " \u5982\u6b64\u751f\u6d3b\u4e09\u5341\u5e74,\u76f4\u5230\u5927\u53a6\u5d29\u584c\u3002", "tokens": [220, 8238, 17947, 49958, 10960, 20145, 5157, 11, 16186, 4511, 3582, 5014, 99, 49378, 102, 161, 5475, 1543], "temperature": 0.0, "avg_logprob": -0.2963675585660068, "compression_ratio": 0.7962962962962963, "no_speech_prob": 0.8774975538253784}, {"id": 14, "seek": 24900, "start": 249.0, "end": 261.0, "text": " \u5982\u6b64\u751f\u6d3b\u4e09\u5341\u5e74,\u76f4\u5230\u5927\u53a6\u5d29\u584c\u3002",